category,title,type,content
billing,Understanding Your Monthly Billing Statement,Article,"Your monthly billing statement provides a detailed breakdown of all charges and activities related to your account. It is designed to be clear and transparent, helping you understand exactly what you are paying for. Key sections typically include the service period, which indicates the dates covered by the bill, and a summary of previous balance, payments received, and new charges. The new charges section details all services used, subscriptions, one-time fees, and any applicable taxes. You will also find your total amount due and the payment due date. If you have any promotional discounts or credits, these will be clearly itemized. We recommend reviewing your statement each month to ensure accuracy. Should you have questions about specific line items, please refer to our support portal or contact our billing department with your account number and the specific charge in question."
billing,How to Update Your Payment Method,Troubleshooting Guide,"Keeping your payment information current is essential to avoid service interruptions. Follow these steps to update your payment method: First, log in to your account portal using your registered email address and password. Once logged in, navigate to the ""Billing"" or ""Payment Methods"" section, usually found under ""My Account"" or ""Settings."" Here, you will see your currently saved payment methods. To add a new card or bank account, select the ""Add New Payment Method"" option. Enter the required details, such as card number, expiration date, CVV, or bank account information. After entering the new details, you will typically have the option to set this new method as your default for future payments. Review all information for accuracy before saving your changes. A confirmation message will usually appear once your payment method has been successfully updated. If you encounter any issues, ensure your browser is updated or try clearing your cache and cookies."
billing,Policy for Service Refund Requests,Policy Note,"Our refund policy is designed to be fair and transparent. Refunds for services are generally considered within 30 days of the initial purchase or subscription start date, provided the service has not been substantially used or activated. For recurring subscriptions, refunds are typically not issued for partial months or periods already billed, but future billing can be cancelled. One-time purchases may be eligible for a full refund if the request is made within 14 days and the product or service has not been utilized. To request a refund, you must contact our customer support team with your account details, order number, and a clear explanation of your request. All refund requests are subject to review and approval by our billing department. Approved refunds will be processed back to the original payment method within 5-10 business days, though processing times may vary depending on your financial institution."
billing,Resolving a Double Charge on Your Account,Troubleshooting Guide,"If you believe you have been double charged for a service, please follow these steps to investigate and resolve the issue. First, carefully review your bank or credit card statement to confirm that two identical charges from our company appear on the same date or within a very close timeframe. Compare these charges against your invoices or billing history in your account portal to ensure they are not separate, legitimate transactions. Note down the exact dates, amounts, and any transaction IDs associated with the duplicate charges. Once you have gathered this information, contact our billing support team immediately. Provide them with your account number and all the details you collected. Our team will investigate the charges and, if a double charge is confirmed, will process a refund for the erroneous transaction promptly. Please allow 3-5 business days for the investigation and resolution process."
billing,Payment Due Dates and Late Fee Policy,Policy Note,"To ensure continuous service, all payments are due on the date specified on your monthly billing statement. This due date is typically 15 days after your billing cycle closes. If payment is not received by the due date, your account will be considered past due. A grace period of 5 days may be extended, after which a late fee will be applied to your outstanding balance. The late fee is typically 1.5% of the unpaid balance or a fixed amount, whichever is greater, and will be clearly itemized on your next billing statement. Continued non-payment may result in the suspension or termination of your services. To avoid late fees and service interruption, please ensure your payment method is up to date and that funds are available on or before your due date. You can set up automatic payments through your account portal for convenience."
billing,Payment Methods and Credit Card Management FAQ,FAQ,"Q: How do I update my credit card information?
A: You can update your credit card details by logging into your account portal. Navigate to the """"Billing & Payments"""" section, then select """"Payment Methods."""" You will see an option to edit your existing card or add a new one.
Q: Can I use a different payment method for my subscription?
A: Yes, we accept major credit cards (Visa, MasterCard, American Express, Discover) and PayPal for recurring subscriptions. You can change your preferred payment method in the """"Payment Methods"""" section of your account.
Q: What happens if my payment method expires?
A: We will send you an email notification before your card expires, prompting you to update your details. If your payment method expires and we are unable to process your payment, your service may be temporarily suspended until a valid payment method is provided.
Q: Is my payment information secure?
A: Absolutely. We use industry-standard encryption and security protocols to protect your payment information. Your card details are tokenized and never stored directly on our servers"
billing,Accessing Your Billing History and Past Invoices,Article,"Keeping track of your past invoices and billing history is simple through your online account portal. To access this information, first, log in to your account using your credentials. Once logged in, look for a section labeled ""Billing,"" ""My Invoices,"" ""Payment History,"" or ""Statements."" This section typically provides a chronological list of all your past billing cycles. You can usually view a summary of each invoice, including the date, amount, and payment status. To view a detailed invoice, simply click on the specific billing period or invoice number. Most invoices are available for download in PDF format, which is useful for record-keeping or tax purposes. If you require an invoice from a period not listed or encounter any difficulties accessing your history, please contact our support team for assistance, providing your account details and the specific invoice period you are looking for."
billing,Billing Implications After Subscription Cancellation,FAQ,"Q: What happens to my billing after I cancel my subscription?
A: When you cancel your subscription, your service will typically remain active until the end of your current billing cycle. You will not be charged for any subsequent billing periods. A final bill may be issued if there are any outstanding charges for the period up to your cancellation date, or if you had any one-time purchases or usage-based fees that were not yet billed. If you prepaid for a longer term and cancel mid-period, our refund policy will apply regarding any unused portion. Please refer to our specific refund policy for details. You will receive a confirmation email once your cancellation is processed, detailing the effective date of service termination and any final billing information. Access to your account portal for viewing past invoices usually remains available even after service termination."
technical,Troubleshooting Common Wi-Fi Connectivity Issues,Troubleshooting Guide,"If you are experiencing problems connecting to Wi-Fi, follow these steps to diagnose and resolve the issue. First, restart your router and modem by unplugging them for 30 seconds, then plugging them back in. Wait a few minutes for them to fully power on. Next, restart your device (computer, phone, tablet). Sometimes a simple reboot can resolve temporary network glitches. Check if other devices can connect to the same Wi-Fi network; this helps determine if the issue is with your device or the network itself. Ensure your device's Wi-Fi is turned on and that you are selecting the correct network name (SSID). Verify you are entering the correct password. If the problem persists, try forgetting the network on your device and then reconnecting. On Windows, go to Network & Internet settings, Wi-Fi, Manage known networks. On macOS, go to System Settings, Wi-Fi, Details, Forget This Network. On mobile, go to Wi-Fi settings, tap the network, and select Forget. If all else fails, check for driver updates for your wireless adapter or contact your Internet Service Provider."
technical,What to Do When an Application Crashes Unexpectedly,Troubleshooting Guide,"Application crashes can be frustrating, but often have simple solutions. When an application crashes, first try restarting the application. If it continues to crash, restart your entire device. This can clear temporary system conflicts. Next, check if the application is up to date. Outdated software can have known bugs that cause instability. Visit the application's official website or your device's app store for updates. Clear the application's cache and data. On Windows, this might involve going to Apps & Features, selecting the app, and choosing Advanced options to reset or repair. On Android, go to App info, Storage, Clear cache/Clear data. On iOS, you might need to offload or reinstall the app. Ensure your device meets the minimum system requirements for the application. Insufficient RAM or an old processor can lead to crashes. If the problem persists, consider reinstalling the application. Before doing so, back up any important data associated with the app. Finally, check online forums or the application's support page for known issues or specific troubleshooting steps related to recent updates."
technical,"Understanding and Resolving ""Service Unavailable"" Errors",Article,"""Service Unavailable"" errors, often displayed as HTTP Error 503, indicate that the server is temporarily unable to handle the request. This is typically a server-side issue, meaning the problem is not with your internet connection or device, but rather with the website or service you are trying to access. Common causes include the server being overloaded with too many requests, undergoing maintenance, or experiencing a temporary technical glitch. When you encounter a 503 error, the first and most common solution is to simply wait a few minutes and then try refreshing the page. Many server issues are transient and resolve themselves quickly. You can also try clearing your browser's cache and cookies, as sometimes outdated cached data can interfere with loading a page correctly. If the issue persists, check the official social media channels or status pages of the website or service for announcements regarding outages or maintenance. If it's a service you manage, review server logs for specific error messages or resource exhaustion. There is usually little you can do as an end-user beyond waiting or checking for official updates."
technical,How to Effectively Report a Software Bug,Article,"Reporting a software bug effectively helps developers quickly understand and fix the issue. A good bug report is clear, concise, and provides all necessary information. Start with a descriptive title that summarizes the problem. In the body of the report, clearly state the steps to reproduce the bug. This is crucial: list each action you took, in order, that led to the bug. For example, ""1. Open application. 2. Click 'Settings'. 3. Navigate to 'Account' tab. 4. Click 'Change Password' button."" Next, describe the actual result you observed (e.g., ""Application crashed"") and the expected result (e.g., ""Password change dialog should appear""). Include details about your environment: operating system (e.g., Windows 10, macOS Ventura), application version, and any relevant hardware specifications. Screenshots or short video recordings are incredibly helpful for visual bugs. Mention if the bug is consistently reproducible or if it happens intermittently. Avoid vague language like ""it's broken"" and instead focus on specific behaviors. The more precise your report, the faster the resolution."
technical,Improving Slow Application Performance on Your Device,Troubleshooting Guide,"If an application is running slowly, several factors could be contributing to the issue. Start by closing any unnecessary background applications. Each open program consumes system resources (RAM, CPU), which can slow down the active application. Check your device's task manager (Ctrl+Shift+Esc on Windows, Activity Monitor on macOS) to identify resource-intensive processes. Ensure your operating system and graphics drivers are up to date. Outdated drivers can lead to performance bottlenecks. Free up disk space if your storage is nearly full, as this can impact overall system responsiveness. For web-based applications, clear your browser's cache and cookies, and try disabling browser extensions one by one to see if any are causing conflicts. If the application stores a lot of local data, clearing its cache (if applicable) might help. Consider if your device meets the recommended system requirements for the application. If your hardware is significantly below the recommendations, upgrading components like RAM or using a Solid State Drive (SSD) can provide a substantial performance boost. Finally, run a malware scan, as malicious software can consume resources and degrade performance."
technical,Post-Software Update Issues: Common Questions,FAQ,"Q: My application stopped working after an update. What should I do?
A: First, restart your device. Many post-update issues are resolved with a simple reboot. If the problem persists, check the application's official support channels or forums for known issues related to the latest update. You might also try clearing the application's cache or reinstalling it.

Q: My device is running slower after a system update. Is this normal?
A: Sometimes, after a major system update, your device might perform background optimizations, which can temporarily slow things down. Give it some time, usually a day or two. If it remains slow, check for driver updates, ensure you have sufficient free disk space, and review running processes for any new resource-intensive tasks.

Q: Can I revert to a previous version of the software if the update causes problems?
A: It depends on the software. Some operating systems offer a rollback option within a limited timeframe (e.g., Windows allows reverting to a previous build). For individual applications, you might need to uninstall the current version and manually find an installer for an older version, which is not always officially supported or recommended due to security risks.

Q: My peripherals (printer, webcam) stopped working after an update.
A: This often indicates a driver compatibility issue. Visit the manufacturer's website for your peripheral and download the latest drivers compatible with your updated operating system. Reinstalling the drivers usually resolves this."
technical,Resolving Common Software Installation Failures,Troubleshooting Guide,"Encountering errors during software installation can be frustrating. Here are common steps to resolve them. First, ensure you have sufficient disk space on the drive where you are installing the software. Lack of space is a frequent cause of installation failures. Next, verify that you have administrative privileges on your computer. Many installations require elevated permissions to modify system files. Right-click the installer file and select ""Run as administrator."" Temporarily disable your antivirus software and firewall. Security software can sometimes mistakenly flag legitimate installation files as threats, preventing them from executing correctly. Remember to re-enable them after installation. Check the integrity of the installer file; a corrupted download can lead to errors. Try downloading the installer again from the official source. Ensure your operating system meets the minimum requirements specified by the software developer. Outdated OS versions or incompatible architectures (32-bit vs. 64-bit) can cause issues. If the installation fails with a specific error code, search for that code online along with the software name; this often leads to targeted solutions. Finally, restart your computer before attempting the installation again to clear any lingering processes or temporary files."
technical,Device and Software Compatibility Policy,Policy Note,"This policy outlines our guidelines regarding device and software compatibility for optimal use of our products and services. Our applications are designed and tested for specific operating systems and hardware configurations. We officially support the two most recent major versions of Windows (e.g., Windows 10 and 11) and macOS (e.g., Sonoma and Ventura). For mobile applications, we support the two most recent major versions of iOS and Android. While our software may function on older operating systems or non-specified hardware, we cannot guarantee full functionality, performance, or provide technical support for issues arising from such environments. Users are responsible for ensuring their devices meet the minimum system requirements published on our product pages. If you encounter compatibility issues with an unsupported configuration, we recommend upgrading your operating system or hardware to a supported version. We reserve the right to discontinue support for older operating systems or hardware as technology evolves, with prior notice provided through our official channels. For specific compatibility details, please refer to the system requirements section of each product's documentation."
account,Steps to Reset Your Forgotten Account Password,Troubleshooting Guide,"If you have forgotten your account password, follow these steps to regain access. First, navigate to the login page of our platform. Below the login fields, you will find a link labeled ""Forgot Password?"" or ""Reset Password."" Click on this link. You will then be prompted to enter the email address associated with your account. Ensure you enter the correct email address and submit the form. An email containing a password reset link will be sent to that address. Please check your inbox, including your spam or junk folders, for this email. Click on the provided link within the email. This link will direct you to a secure page where you can create a new password. Your new password must meet our security requirements, typically including a minimum length and a mix of character types. Confirm your new password and save the changes. You should then be able to log in with your updated credentials. If you do not receive the email within a few minutes, please try the process again or contact support."
account,How to Update Your Profile Information,Article,"Keeping your profile information current is important for a smooth experience with our services. This guide explains how to update details such as your name, contact information, or billing address. To begin, log in to your account using your current username and password. Once logged in, locate the ""Settings,"" ""Profile,"" or ""Account Management"" section, usually accessible from a navigation menu or by clicking on your profile icon. Within this section, you will find various sub-sections for different types of information. For example, ""Personal Details"" might allow you to change your name or date of birth, while ""Contact Information"" lets you update your email address or phone number. Make the necessary changes in the respective fields. After modifying any information, always remember to click the ""Save Changes"" or ""Update Profile"" button to ensure your new details are recorded. Some changes, like updating your primary email, may require an additional verification step for security purposes. Regularly reviewing your profile ensures all communications and services are directed correctly."
account,Troubleshooting Common Account Login Issues,Troubleshooting Guide,"Experiencing difficulty logging into your account can be frustrating. This guide addresses common login problems and provides solutions. First, double-check your username and password for any typos. Passwords are case-sensitive. If you are certain of your credentials but still cannot log in, try clearing your browser's cache and cookies, then attempt to log in again. Sometimes, outdated browser data can interfere with the login process. If your account has been locked due to multiple failed login attempts, you may need to wait a specific period before trying again, or use the ""Forgot Password"" option to reset it, which often unlocks the account. Ensure your internet connection is stable. If you are using a VPN, try disabling it temporarily to see if it resolves the issue. If none of these steps work, and you are not receiving password reset emails, it is possible your account email address is incorrect or there is a system-wide issue. In such cases, please contact our support team with your registered email address and any error messages you received."
account,Enhancing Your Account Security Best Practices,Article,"Protecting your account from unauthorized access is crucial. Adopting strong security practices significantly reduces risks. Start by creating a unique and complex password for your account. Avoid using easily guessable information like birthdays or common words. A strong password should be at least 12 characters long and include a mix of uppercase and lowercase letters, numbers, and symbols. Never reuse passwords across multiple online services. Enable Two-Factor Authentication (2FA) whenever available. This adds an extra layer of security by requiring a second verification step, such as a code from your phone, in addition to your password. Be vigilant against phishing attempts; always verify the sender of emails requesting account information and never click suspicious links. Log out of your account, especially on public or shared computers, to prevent others from accessing your session. Regularly review your account activity for any unfamiliar logins or changes. Keeping your operating system and browser updated also helps protect against vulnerabilities."
account,Frequently Asked Questions About Changing Your Primary Email,FAQ,"Q: How do I change the primary email address associated with my account?
A: Log in to your account, navigate to the ""Settings"" or ""Profile"" section, and look for ""Contact Information"" or ""Email Address."" Enter your new email address and follow the on-screen prompts. You will typically receive a verification email at the new address to confirm the change.

Q: Why do I need to verify my new email address?
A: Email verification is a security measure to ensure that the person making the change is the legitimate account owner and that the new email address is valid and accessible to you. This prevents unauthorized changes to your account.

Q: What happens if I don't receive the verification email?
A: First, check your spam or junk folders. Ensure the new email address you entered is correct. If you still don't receive it, you might be able to request a resend from your account settings, or you may need to contact customer support for assistance.

Q: Can I revert to my old email address after changing it?
A: Yes, you can usually change your email address back to a previous one by following the same process, provided the old email address is still valid and accessible for verification.

Q: Will changing my email affect my login history or saved data?
A: No, changing your primary email address only updates your contact information and login credential. Your account history, preferences, and any saved data will remain intact and associated with your account."
account,Guide to Setting Up Two-Factor Authentication (2FA),Article,"Two-Factor Authentication (2FA) adds a critical layer of security to your account by requiring two forms of verification before granting access. This guide will walk you through enabling 2FA. First, log in to your account and navigate to the ""Security Settings"" or ""Account Security"" section, usually found within your main profile or settings menu. Look for an option labeled ""Two-Factor Authentication,"" ""2FA,"" or ""Multi-Factor Authentication."" Click to enable it. You will typically be presented with choices for your second factor, such as using an authenticator app (like Google Authenticator or Authy) or receiving codes via SMS to your registered phone number. If choosing an authenticator app, you will scan a QR code with the app to link it to your account. If choosing SMS, you will enter your phone number and verify it with a code sent to you. After setup, you will be provided with recovery codes. It is crucial to save these codes in a secure, offline location, as they are essential for regaining access if you lose your primary 2FA device. Once enabled, every login will require both your password and the second factor."
account,Account Deactivation and Data Retention Policy Overview,Policy Note,"This policy outlines the process for account deactivation and our approach to data retention. Users wishing to deactivate their account can typically do so through their account settings under a ""Delete Account"" or ""Deactivate Account"" option. Alternatively, a formal request can be submitted to our support team via the designated contact method. Upon deactivation, access to your account will be immediately terminated. We adhere to strict data retention policies to comply with legal obligations and for legitimate business purposes. While your public profile and most personal data will be removed or anonymized shortly after deactivation, certain transactional data, support communications, and data required for legal or auditing purposes may be retained for a specified period, typically up to X years, in accordance with applicable laws and regulations. This retained data is kept securely and is not used for active service provision. Reinstatement of a deactivated account may be possible within a limited timeframe, but a fully deleted account cannot be recovered. We encourage users to download any personal data they wish to keep before initiating deactivation."
account,Managing Your Account Notification Preferences,FAQ,"Q: How can I control the types of notifications I receive?
A: To manage your notification preferences, log in to your account and go to the ""Settings"" or ""Profile"" section. Look for a sub-section labeled ""Notifications,"" ""Communication Preferences,"" or ""Alerts."" Here, you can typically toggle on or off various types of notifications, such as marketing emails, service updates, security alerts, or in-app notifications.

Q: What types of notifications can I usually manage?
A: Common notification types include email notifications (for promotions, account activity, or newsletters), push notifications (for mobile apps), and sometimes SMS alerts. You can often customize these based on categories like transactional, promotional, or security-related.

Q: Can I opt out of all notifications?
A: While you can opt out of most promotional and non-essential communications, certain service-related or security-critical notifications (e.g., password reset confirmations, terms of service updates, or critical security alerts) are mandatory and cannot be disabled to ensure the security and functionality of your account.

Q: If I unsubscribe from emails, will it affect in-app notifications?
A: Generally, email subscriptions and in-app notification settings are managed separately. Unsubscribing from emails will typically only affect email communications. You would need to adjust in-app notification settings within the app or your account preferences.

Q: How long does it take for changes to my notification preferences to take effect?
A: Most changes to notification preferences are applied immediately. However, for some email lists, it might take up to 24-48 hours for the changes to fully propagate through our systems and for you to stop receiving previously scheduled communications."
product,Understanding Our Product Subscription Tiers and Billing,Article,"Our product offers several subscription tiers designed to meet diverse user needs. The Basic tier provides essential functionalities for individual users, including core features and standard support. The Pro tier expands upon this with advanced features such such as enhanced reporting, collaborative tools, and priority customer support. For larger organizations, the Enterprise tier offers custom integrations, dedicated account management, and scalable user licenses.

Billing cycles are typically monthly or annually. Annual subscriptions often come with a discounted rate compared to monthly payments. You can view your current subscription details, upcoming billing date, and payment history within your account dashboard under the ""Subscription"" section. Upgrades to a higher tier can be performed at any time, and the change will be prorated for the current billing cycle. Downgrades will take effect at the end of your current billing period. All pricing information is available on our official website's pricing page."
product,Deep Dive into Our Product's Real-time Data Sync Feature,Article,"The real-time data sync feature is a cornerstone of our product, ensuring that your information is always up-to-date across all your connected devices. This functionality automatically synchronizes any changes you make, whether it's adding new data, editing existing entries, or deleting records, almost instantaneously. It operates in the background, requiring no manual intervention once enabled.

To utilize real-time data sync, ensure you are logged into the same user account on all devices where you wish to access your synchronized data. An active internet connection is necessary for the sync process to occur. If you experience a temporary loss of connection, the product will queue your changes and automatically sync them once connectivity is restored. This ensures data integrity and prevents loss of work. You can verify the last sync time within the application settings on each device, providing peace of mind that your data is consistent and accessible wherever you need it."
product,Troubleshooting Product Installation: Checking System Requirements,Troubleshooting Guide,"If you are encountering issues during product installation, the first step is to verify your system meets the minimum requirements. Our product requires a 64-bit operating system, specifically Windows 10 or macOS 11 (Big Sur) or newer. You will need at least 8 GB of RAM, though 16 GB is recommended for optimal performance. A dual-core processor with a clock speed of 2.0 GHz or higher is necessary, and 500 MB of free disk space is required for the application itself, with additional space needed for your data.

To check your system specifications on Windows, right-click ""This PC"" or ""My Computer"" and select ""Properties."" On macOS, click the Apple menu in the top-left corner and select ""About This Mac."" Compare these details with our published requirements. If your system falls below any of these specifications, it may lead to installation failures or poor product performance. Upgrading your hardware or operating system may be necessary to ensure a smooth experience."
product,First-Time Product Setup: A Step-by-Step Usage Guide,Troubleshooting Guide,"Welcome to your new product! This guide will walk you through the initial setup process.

1.  **Download the Installer:** After purchase, log into your account on our website and navigate to the ""Downloads"" section. Select the correct installer for your operating system (Windows or macOS) and download it.
2.  **Run the Installer:** Locate the downloaded file (usually in your ""Downloads"" folder) and double-click it to start the installation wizard. Follow the on-screen prompts, accepting the license agreement and choosing your installation directory.
3.  **Launch the Application:** Once installation is complete, launch the product from your desktop shortcut or applications folder.
4.  **Log In:** On the initial screen, enter the email address and password associated with your product account. This will activate your license and synchronize your settings.
5.  **Initial Configuration:** The product may prompt you to set up basic preferences, such as language, theme, or initial data import. Follow these prompts to personalize your experience.
6.  **Start Using:** You are now ready to explore and utilize all the features of your new product. Refer to our online help center for detailed feature guides."
product,Free Trials and Upgrades: Your Questions Answered,FAQ,"Q: How long does the free trial last?
A: Our free trial typically lasts for 14 days from the date of activation. This period allows you to explore the core functionalities of the product.

Q: What features are available during the free trial?
A: The free trial provides access to most of the features included in our Basic subscription tier. Certain advanced features, such as premium integrations or extended storage limits, may be restricted during the trial period.

Q: Will I be automatically charged after the trial ends?
A: No, you will not be automatically charged. We do not require credit card information to start a free trial. You will receive notifications as your trial period nears its end, with options to subscribe.

Q: How do I upgrade from a free trial to a paid plan?
A: You can upgrade at any time during or after your trial by logging into your account on our website and navigating to the ""Subscription"" or ""Upgrade"" section. Choose your desired plan and complete the payment process. All your data and settings from the trial will be seamlessly transferred."
product,Comparing Product Editions: Standard Versus Professional Features,Article,"Our product is available in two primary editions: Standard and Professional, each tailored to different user requirements. The Standard edition is ideal for individual users or small teams needing robust core functionalities. It includes essential features such as data management, basic reporting, and standard customer support. This edition provides a solid foundation for everyday tasks and efficient workflow.

The Professional edition builds upon the Standard, offering advanced capabilities for power users and growing teams. Key enhancements in the Professional edition include advanced analytics and customizable dashboards, allowing for deeper insights into your data. It also features enhanced collaboration tools, such as real-time co-editing and granular permission settings, facilitating seamless teamwork. Additionally, Professional users benefit from priority customer support and access to exclusive integrations. While the Standard edition covers fundamental needs, the Professional edition is designed for those requiring more sophisticated tools and higher performance for complex projects and collaborative environments."
product,Supported Devices and Operating Systems Policy Note,Policy Note,"This policy outlines the official support for devices and operating systems compatible with our product. We officially support the latest two major versions of Windows (currently Windows 10 and 11) and macOS (currently macOS 13 Ventura and macOS 14 Sonoma). For mobile applications, we support the latest two major versions of iOS and Android. Web-based access is fully supported on the latest versions of Google Chrome, Mozilla Firefox, Microsoft Edge, and Apple Safari.

While the product may function on older operating systems or browsers, we cannot guarantee full functionality, performance, or security updates for unsupported environments. Users operating on unsupported systems may experience compatibility issues, reduced performance, or be unable to access new features. Our customer support team will provide limited assistance for issues encountered on unsupported platforms, primarily focusing on guiding users to upgrade to a supported environment. We recommend keeping your operating system and browser updated to ensure the best and most secure experience with our product."
product,Optimizing Product Performance: Tips for Enhanced Usage,Article,"To ensure you get the best performance from our product, consider these optimization tips. Firstly, regularly clear your product's cache. Over time, cached data can accumulate and slow down the application. You can usually find this option within the product's settings under a ""Storage"" or ""Advanced"" section. Secondly, ensure your operating system and graphics drivers are up to date. Outdated drivers can sometimes cause compatibility issues or reduce overall system efficiency, impacting the product's responsiveness.

Thirdly, close unnecessary background applications. Other programs consuming significant CPU or RAM can compete for resources, leading to slower product performance. Fourthly, if you are working with very large datasets or complex projects, consider breaking them down into smaller, more manageable files. This can significantly reduce loading times and processing demands. Finally, ensure your internet connection is stable and fast, especially if your product relies heavily on cloud synchronization or online features. A weak connection can bottleneck performance, even if your local system is powerful."
feedback,Submitting a Feature Request: A Step-by-Step Guide,Article,"To submit a feature request, navigate to the ""Help & Support"" section within your application or visit our dedicated feedback portal on our website. Look for the ""Submit a Feature Request"" or ""Share Your Idea"" option. You will typically be presented with a form. Please provide a clear and concise title for your suggestion. In the description field, elaborate on your idea, explaining what problem it solves or how it improves your experience. It is helpful to include specific use cases or scenarios where this feature would be beneficial. You may also be asked to select a category for your request, such as ""User Interface,"" ""Performance,"" or ""New Functionality."" Once all required fields are completed, click ""Submit."" We appreciate your input as it helps us continuously improve our services and products."
feedback,What Happens After I Submit My Feedback?,FAQ,"Q: What happens after I submit my feedback or feature request?
A: Once you submit your feedback, it enters our review queue. Our product development team regularly reviews all submissions. They categorize, analyze, and prioritize suggestions based on various factors, including user impact, technical feasibility, alignment with our product roadmap, and overall demand. While we cannot respond individually to every submission, please be assured that every piece of feedback is read and considered. Your input is invaluable in shaping future updates and new features. We may reach out for clarification if your suggestion requires more detail, but this is not always possible due to the volume of submissions.

Q: How long does it take for feedback to be reviewed?
A: The review process is ongoing. New feedback is continuously integrated into our planning cycles. There isn't a fixed timeline, as it depends on the complexity and volume of submissions."
feedback,Guidelines for Providing Effective Feature Requests,Policy Note,"To ensure your feature requests are as impactful as possible, please adhere to the following guidelines. Be specific and clear: Describe the feature precisely, avoiding vague language. Explain the problem: Clearly articulate what issue the proposed feature would solve or what improvement it would bring to your workflow or experience. Provide context: Include details about your current usage or scenario where the feature would be most beneficial. Suggest solutions, but be open: While suggesting a solution is helpful, focus primarily on the problem. Our team may find alternative, more efficient ways to address the underlying need. Avoid submitting multiple requests for the same feature; instead, add more detail to an existing one if possible. Constructive and well-articulated feedback significantly aids our development process."
feedback,Understanding Feature Request Prioritization and Development,Article,"Feature requests are a cornerstone of our product evolution, but not all suggestions can be implemented. Our product team employs a rigorous prioritization process. Key factors include the potential impact on a broad user base, alignment with our strategic vision, technical complexity and resource requirements, and market demand. Features that address critical pain points for a significant number of users, enhance core functionality, or align with upcoming industry trends often receive higher priority. Technical debt, security enhancements, and performance improvements also compete for development resources. This comprehensive approach ensures that we focus our efforts on delivering the most valuable and impactful improvements to our platform, balancing innovation with stability and user needs."
feedback,Checking the Status of Your Submitted Ideas,Article,"Currently, our feedback system does not provide individual status updates for submitted feature requests. Due to the high volume of suggestions we receive, providing real-time tracking for each submission is not feasible. However, we are committed to transparency regarding our product development. We regularly publish updates on new features and improvements through our official blog, release notes, and in-app announcements. We encourage you to follow these channels to stay informed about the latest developments. If a feature you suggested is implemented, it will be highlighted in these communications. Your feedback is crucial, and while we can't track every idea publicly, rest assured it contributes to our ongoing product planning and innovation."
feedback,Differentiating Between Bugs and Feature Requests,FAQ,"Q: What is the difference between a bug and a feature request?
A: A bug is an error or defect in the software that causes it to behave unexpectedly or incorrectly, deviating from its intended functionality. For example, a button that doesn't work, a page that crashes, or data that displays incorrectly. A feature request, on the other hand, is a suggestion for new functionality, an enhancement to existing features, or an improvement to the user experience that is not currently available or could be better. For example, adding a new filter option, changing the layout of a page, or integrating with another service.

Q: Where should I report a bug versus submit a feature request?
A: Bugs should be reported through our dedicated ""Report a Bug"" channel, typically found in the ""Help & Support"" section, to ensure they are addressed promptly by our technical support team. Feature requests should be submitted via the ""Submit a Feature Request"" portal, where they are reviewed by our product development team for future consideration."
feedback,How User Experience Feedback Shapes Product Design,Article,"User experience (UX) feedback is a vital component of our product design and development cycle. It provides direct insights into how users interact with our platform, identifying areas of friction, confusion, or delight. When you share feedback about usability, navigation, or visual design, our UX designers and researchers meticulously analyze these observations. This feedback informs iterative design improvements, leading to more intuitive interfaces, streamlined workflows, and a more satisfying overall experience. We conduct user interviews, usability testing, and A/B testing based on common feedback themes to validate design changes before implementation. Your perspective directly influences the look, feel, and functionality of our products, ensuring they meet real-world user needs."
feedback,Privacy and Anonymity When Submitting Feedback,Policy Note,"We understand the importance of privacy when sharing your thoughts and suggestions. When you submit feedback or a feature request, you typically have the option to include your contact information or submit anonymously. If you choose to provide your details, this information is used solely for the purpose of potentially following up with you for clarification on your submission. It is not shared with third parties or used for marketing purposes without your explicit consent. For anonymous submissions, no personal data is collected or stored in association with your feedback. All feedback, whether anonymous or identified, is treated with the same level of importance and confidentiality during the review process. Our commitment is to protect your data while valuing your input."
orders,Understanding Your Order Confirmation and Processing,Article,"Once you successfully place an order, you will receive an order confirmation email within a few minutes. This email contains your order number, a summary of items purchased, the shipping address, and the total cost. It is important to review this email for any discrepancies immediately. After confirmation, your order enters the processing phase. During this time, our warehouse team prepares your items for shipment. Processing typically takes 1-2 business days, though it can extend during peak seasons or promotional events. You will receive a separate shipping confirmation email once your order leaves our facility, which will include your tracking number. Please note that the processing time is separate from the estimated delivery time. If you do not receive an order confirmation within 24 hours, please check your spam folder or contact our support team with your purchase details."
orders,How to Track Your Package Step-by-Step,Troubleshooting Guide,"If you are wondering about the current status of your delivery, follow these steps to track your package. First, locate the shipping confirmation email sent to you after your order was dispatched. This email contains your unique tracking number. Copy this tracking number. Next, visit our website and navigate to the ""Track Your Order"" section, usually found in the footer or main menu. Paste your tracking number into the designated field and click ""Track."" The system will display the latest updates from the shipping carrier, including its current location and estimated delivery date. If the tracking information is not updating or shows an unexpected status, please allow 24-48 hours for the carrier's system to refresh. If issues persist, contact our customer support with your order and tracking numbers for assistance."
orders,Order Cancellation Policy and Procedure,Policy Note,"Customers may request to cancel an order within 60 minutes of placement, provided the order has not yet entered the shipping process. To request a cancellation, please contact our customer support team immediately via phone or live chat, referencing your order number. Email requests for cancellation may not be processed in time due to potential delays. If your order has already been processed for shipment, it cannot be cancelled. In such cases, you will need to follow our standard return policy once the item is received. Refunds for successfully cancelled orders will be processed to the original payment method within 5-7 business days. Please note that custom or personalized items may have different cancellation terms, which will be specified at the time of purchase."
orders,What to Do If Your Order Is Delayed,Troubleshooting Guide,"Experiencing a delay with your order can be frustrating. Here are the steps to take if your delivery is past its estimated arrival date. First, check your tracking information again for any new updates or notifications from the carrier regarding delays. Sometimes, carriers provide specific reasons for delays, such as weather conditions or unforeseen logistical issues. If the tracking has not updated in several days or the estimated delivery date has passed significantly, please contact the shipping carrier directly with your tracking number. They can often provide more detailed information. If you are unable to get a satisfactory response from the carrier, or if the delay is excessive, please reach out to our customer support team. Provide your order number and any relevant tracking details, and we will investigate the matter further to assist you."
orders,Understanding Our Shipping Options and Costs,FAQ,"Q: What shipping options are available?
A: We offer Standard Shipping, Expedited Shipping, and sometimes Express Shipping for faster delivery. Options vary based on your location and the items in your cart.

Q: How are shipping costs calculated?
A: Shipping costs are calculated based on the weight and dimensions of your order, the selected shipping method, and your delivery address. You can see the exact cost at checkout before finalizing your purchase.

Q: What are the estimated delivery times for each option?
A: Standard Shipping typically takes 5-7 business days. Expedited Shipping usually delivers within 2-3 business days. Express Shipping can arrive in 1-2 business days. These are estimates and do not include order processing time.

Q: Do you offer free shipping?
A: We occasionally offer free standard shipping promotions for orders exceeding a certain value. Please check our website banner or promotional emails for current offers.

Q: Can I change my shipping method after placing an order?
A: Unfortunately, once an order is placed, the shipping method cannot be changed. Please ensure you select your preferred option at checkout."
orders,Reporting a Missing or Lost Package,Troubleshooting Guide,"If your tracking information shows that your package was delivered but you have not received it, or if your package has been in transit for an unusually long time without updates, please follow these steps. First, check around your property, with neighbors, or with building management, as packages are sometimes left in secure locations. Verify the shipping address on your order confirmation to ensure it is correct. If you still cannot locate your package, contact the shipping carrier directly to report a missing package. Provide them with your tracking number and explain the situation. If the carrier is unable to resolve the issue, please contact our customer support team within 7 days of the reported delivery date or the last tracking update. We will initiate an investigation with the carrier on your behalf and work towards a resolution, which may include a replacement or refund."
orders,Requesting a Delivery Address Change After Order,Policy Note,"Changing a delivery address after an order has been placed is often challenging due to our automated fulfillment process. We can only attempt to modify a delivery address if the request is made within 30 minutes of order placement and the order has not yet been processed for shipment. To request an address change, please contact our customer support team immediately via phone or live chat with your order number and the correct address details. Email requests may not be actioned in time. If the order has already been processed or shipped, we are unable to intercept the package or change the destination. In such cases, you may need to contact the shipping carrier directly to see if they offer a rerouting service, though this is not guaranteed and may incur additional fees payable by the customer. We are not responsible for packages delivered to an incorrect address provided by the customer."
orders,International Shipping Duties and Taxes Explained,Article,"When placing an international order, it is important to understand that your shipment may be subject to import duties, taxes, and customs fees levied by the destination country. These charges are not included in the item price or shipping cost calculated at checkout. The recipient of the international shipment is responsible for paying any such duties, taxes, and fees upon arrival in their country. Customs policies vary widely from country to country, so we recommend contacting your local customs office for more information before placing an order. Delays in delivery can sometimes occur if packages are held by customs for inspection or pending payment of these charges. Failure to pay these fees may result in the package being returned to us, and any return shipping costs or original shipping costs will not be refunded. We are unable to declare items as ""gifts"" or undervalue them on customs forms."
compliance,Understanding Our Data Privacy Policy Principles,Article,"Our commitment to data privacy is fundamental to our operations. This article outlines the core principles guiding how we collect, use, store, and protect your personal information. We adhere to strict standards of transparency, ensuring you are always informed about your data. We collect only the data necessary for providing our services, improving user experience, and fulfilling legal obligations. Your data is processed fairly and lawfully, with appropriate technical and organizational measures in place to prevent unauthorized access, disclosure, alteration, or destruction. We respect your rights regarding your personal data, including the right to access, correct, delete, and restrict its processing. Regular reviews of our privacy practices ensure ongoing compliance with relevant data protection regulations. For detailed information, please refer to our full Privacy Policy document."
compliance,How to Request Your Personal Data Access,FAQ,"Q: How can I request a copy of my personal data?
A: You can submit a Data Subject Access Request (DSAR) by visiting our Privacy Center on our website or by sending an email to privacy@ourcompany.com. Please include your full name, registered email address, and any relevant account identifiers to help us locate your data efficiently.

Q: What information do I need to provide for a DSAR?
A: To verify your identity and process your request securely, we typically require your registered email address and potentially other identifying information associated with your account. This ensures that we only provide data to the rightful owner.

Q: How long does it take to receive my data?
A: We aim to respond to all DSARs within 30 days of receiving a valid request. In complex cases or if we receive a high volume of requests, this period may be extended by an additional two months, and we will inform you of any such extension.

Q: What format will my data be in?
A: Your data will typically be provided in a commonly used, machine-readable format, such as CSV or JSON, allowing for easy portability."
compliance,Key Aspects of Our Terms of Service Explained,Article,"Our Terms of Service (ToS) establish the legal agreement between you and our company regarding your use of our services. It is crucial to understand these terms as they govern your rights and responsibilities. Key sections include user conduct, outlining acceptable and prohibited activities to maintain a safe and respectful environment for all users. The ToS also details our intellectual property rights, clarifying that all content and technology provided by us remain our property, while you retain rights to your own user-generated content under specific conditions. Furthermore, it covers disclaimers of warranties and limitations of liability, which define the extent of our responsibility for service availability and performance. Dispute resolution mechanisms, such as arbitration clauses, are also outlined, providing a framework for addressing disagreements. By using our services, you agree to abide by these terms, ensuring a clear understanding of our mutual obligations."
compliance,Policy for Reporting Security Vulnerabilities,Policy Note,"Our company is committed to maintaining the highest level of security for our systems and user data. We appreciate the efforts of security researchers and the community in helping us identify and address potential vulnerabilities. This policy outlines the procedure for responsibly disclosing security weaknesses. If you discover a potential security vulnerability in any of our products, services, or infrastructure, please report it immediately to our dedicated security team. Do not publicly disclose the vulnerability before we have had a reasonable opportunity to investigate and remediate it. We request that you provide detailed information, including steps to reproduce the issue, affected components, and any proof-of-concept code. Please send your findings to security@ourcompany.com. We commit to acknowledging your report promptly, investigating thoroughly, and keeping you informed of our progress. We do not pursue legal action against individuals who report vulnerabilities in good faith and adhere to this responsible disclosure policy."
compliance,Enhancing Your Account Security Best Practices,Troubleshooting Guide,"Securing your account is a shared responsibility. Follow these steps to significantly enhance your account's protection against unauthorized access.

1.  Create Strong, Unique Passwords: Use a combination of uppercase and lowercase letters, numbers, and symbols. Avoid using easily guessable information like birthdays or common words. Never reuse passwords across different services. Consider using a reputable password manager.
2.  Enable Two-Factor Authentication (2FA): This adds an extra layer of security by requiring a second verification step, such as a code from your phone or a security key, in addition to your password. Access your account settings to enable 2FA.
3.  Be Wary of Phishing Attempts: Always check the sender's email address and the legitimacy of links before clicking. We will never ask for your password or sensitive information via email. If an email seems suspicious, do not respond or click any links.
4.  Keep Your Software Updated: Ensure your operating system, web browser, and antivirus software are always up to date. Software updates often include critical security patches.
5.  Monitor Account Activity: Regularly review your account activity logs for any unfamiliar logins or actions. Report any suspicious activity immediately to support."
compliance,Our Data Retention Policy and Practices,Policy Note,"This document outlines our company's policy regarding the retention of personal data. We retain personal data only for as long as necessary to fulfill the purposes for which it was collected, including for the provision of services, compliance with legal obligations, resolution of disputes, and enforcement of our agreements. The specific retention period for different types of data varies depending on the nature of the data, the purpose of processing, and applicable legal or regulatory requirements. For example, transactional data may be retained for a longer period due to financial auditing requirements, while certain usage data might be anonymized or deleted sooner. Once the retention period expires, or when the data is no longer necessary, we securely delete or anonymize the data to prevent its further processing or identification. Users may also have the right to request deletion of their data, subject to legal and contractual limitations. Our data retention schedule is regularly reviewed and updated to ensure compliance and efficiency."
compliance,Understanding Our Cookie Usage and Your Consent,Article,"Our website uses cookies and similar tracking technologies to enhance your browsing experience, analyze site traffic, and personalize content. This article explains what cookies are, how we use them, and how you can manage your preferences. Cookies are small text files stored on your device when you visit a website. We use several types of cookies: essential cookies, which are necessary for the website to function correctly; performance cookies, which help us understand how visitors interact with our site; functional cookies, which remember your preferences; and targeting cookies, used to deliver relevant advertisements. When you first visit our site, you are presented with a cookie consent banner allowing you to accept or decline non-essential cookies. You can change your cookie preferences at any time through your browser settings or our website's privacy settings. Please note that disabling certain cookies may affect the functionality and features of our website."
compliance,Legal Basis for Processing Your Personal Data,Article,"Under data protection regulations, we must have a valid legal basis to process your personal data. This article explains the different legal grounds we rely upon. One primary basis is Contractual Necessity, meaning we process your data to fulfill our obligations under a contract with you, such as providing the services you signed up for. Another basis is Consent, where we obtain your explicit permission for specific processing activities, like sending marketing communications. You have the right to withdraw consent at any time. Legitimate Interest is also a basis, where we process data for our legitimate business interests, provided these interests do not override your fundamental rights and freedoms. Examples include improving our services or preventing fraud. We also process data based on Legal Obligation, when required by law, such as for tax or regulatory compliance. Finally, Public Interest or Vital Interests may apply in specific, rare circumstances. We ensure that each processing activity is justified by one of these legal bases."
general,Customer Support Contact Methods and Help Resources,FAQ,"Q: What are the best ways to contact customer support?
A: You can contact our customer support team through several convenient channels. For immediate assistance, our live chat service is available directly on our website during business hours, Monday through Friday, 9 AM to 5 PM Eastern Time. Simply click the ""Chat Now"" button located at the bottom right of any page. If your query is less urgent, you can send us an email at support@ourcompany.com. We aim to respond to all email inquiries within 24-48 business hours. For complex issues or if you prefer to speak with someone directly, our phone support line is 1-800-555-1234, operational during the same business hours. Please have your account information ready when calling to help us assist you more efficiently. We are dedicated to providing timely and helpful support for all your needs.
Q: What information should I provide when contacting support?
A: To help us resolve your issue quickly, please provide your account ID, a detailed description of the problem, any error messages you've received, and the steps you've already taken to troubleshoot. Screenshots or relevant attachments are also very helpful.
Q: How can I find answers to my questions quickly?
A: Our Help Center and Knowledge Base are designed to be your first stop for answers. You can use the search bar at the top of the page to type in keywords related to your issue. For example, """"password reset"""" or """"billing inquiry.""""
Q: How is the content organized?
A: The content is organized into categories and subcategories to help you browse. You'll find sections for Account Management, Troubleshooting, Billing, and General Information. Each category contains articles, FAQs, and guides relevant to that topic.
Q: What if I can't find what I'm looking for?
A: If you've searched and browsed but still can't find an answer, please don't hesitate to contact our customer support team. We're here to help and can also use your feedback to improve our knowledge base content."
general,Understanding Our General Privacy Policy Overview,Article,"Our company is committed to protecting your privacy. This overview summarizes our general approach to data collection, usage, and protection. We collect personal information that you voluntarily provide to us when you register on the website, express an interest in obtaining information about us or our products and services, when you participate in activities on the website, or otherwise when you contact us. This information may include your name, email address, phone number, and other contact details. We use this information to provide and improve our services, communicate with you, and ensure the security of our platform. We do not sell your personal data to third parties. We implement a variety of security measures to maintain the safety of your personal information when you enter, submit, or access your personal information. For a complete understanding of our practices, please refer to our full Privacy Policy document available on our website."
general,Key Points of Our Terms of Service Agreement,Policy Note,"This document outlines the essential terms governing your use of our services and website. By accessing or using our platform, you agree to be bound by these terms. Users are responsible for maintaining the confidentiality of their account information and for all activities that occur under their account. You agree not to use our services for any unlawful purpose or in any way that could damage, disable, overburden, or impair our servers or networks. We reserve the right to modify or terminate services at any time without prior notice. Content provided on our platform is for general information purposes only and should not be relied upon as professional advice. All intellectual property rights related to our services and content belong to our company. Any disputes arising under these terms will be resolved through binding arbitration. Please review the full Terms of Service document on our website for comprehensive details and legal obligations."
general,Providing Effective Feedback and Suggestions to Us,Article,"Your feedback is invaluable in helping us improve our services and user experience. To ensure your suggestions are heard and acted upon, please follow these guidelines. When submitting feedback, be specific and clear about the issue or suggestion. Describe the problem you encountered, including any steps to reproduce it, or explain the benefit of your proposed feature. Include relevant details such as the date and time of an incident, the specific page or feature you were using, and any error messages received. You can submit feedback through our dedicated feedback form available in the ""Help"" section of our website, or by emailing us at feedback@ourcompany.com. While we cannot respond to every submission individually, all feedback is reviewed by the relevant teams. Constructive criticism and innovative ideas are always welcome as we strive to enhance our offerings."
general,Best Practices for Securing Your Account Information,Troubleshooting Guide,"Protecting your account is crucial for your online security. Follow these best practices to keep your information safe. First, create a strong, unique password that combines uppercase and lowercase letters, numbers, and symbols. Avoid using easily guessable information like birthdays or common words. Never reuse passwords across multiple websites. Second, enable two-factor authentication (2FA) if available. This adds an extra layer of security by requiring a second verification step, usually a code sent to your phone, in addition to your password. Third, be wary of phishing attempts. Always check the sender's email address and the legitimacy of links before clicking. Our company will never ask for your password via email. Fourth, regularly review your account activity for any suspicious logins or changes. If you notice anything unusual, change your password immediately and contact our support team. Keep your operating system and browser updated to benefit from the latest security patches."
general,Our Commitment to Website Accessibility for All Users,Policy Note,"Our company is dedicated to ensuring that our website and services are accessible to everyone, including individuals with disabilities. We strive to conform to the Web Content Accessibility Guidelines (WCAG) 2.1 Level AA, an internationally recognized set of recommendations for improving web accessibility. Our ongoing efforts include regular audits of our website, training for our development and content teams, and incorporating accessibility features into our design and development processes. We aim to provide a user-friendly experience for all, regardless of ability or assistive technology used. If you encounter any accessibility barriers while using our website or have suggestions on how we can improve, please contact us at accessibility@ourcompany.com. Your feedback is important as we continuously work to enhance the accessibility of our digital platforms and ensure an inclusive experience for all our users."
general,General Data Retention Guidelines and Policies,Article,"Our company adheres to specific data retention policies to comply with legal obligations, resolve disputes, and enforce our agreements. The length of time we retain your personal data depends on the type of data and the purpose for which it was collected. Generally, we retain personal data for as long as necessary to provide the services you have requested, or for other essential purposes such as complying with our legal obligations, maintaining business and financial records, resolving disputes, and enforcing our agreements. For example, account information is typically retained for the duration of your active account and for a period thereafter to facilitate re-activation or for audit purposes. Transactional data may be kept longer due to financial regulations. Once data is no longer needed, we securely delete or anonymize it. For detailed information regarding specific data types, please refer to our full Privacy Policy."
general,Reporting a Technical Issue or Bug Effectively,Troubleshooting Guide,"If you encounter a technical issue or a bug while using our platform, reporting it promptly and clearly helps us resolve it quickly. To report an issue, navigate to the ""Report a Bug"" section in our help center or send an email to bugs@ourcompany.com. When submitting your report, please include the following information: a clear and concise description of the problem, the exact steps you took that led to the issue, the expected outcome versus the actual outcome, the date and time the issue occurred, the browser and operating system you are using (e.g., Chrome on Windows 10), and any error messages displayed. Screenshots or short video recordings are extremely helpful and can be attached to your report. Providing as much detail as possible will significantly speed up our investigation and resolution process. We appreciate your help in making our platform more stable and reliable."