ticket_text,agent1_category,agent1_category_mapped,agent1_reason_for_category,agent1_confidence_category,agent1_urgency,agent1_urgency_mapped,agent1_reason_for_urgency,agent1_confidence_urgency,agent1_full_output,total_tokens_agent1,agent2_xml_output,agent3_context,agent3_final_reply,total_tokens_agent3,agent4_suggested_actions
"I was double charged for my subscription on December 15th, 2024. Transaction IDs are TXN12345 and TXN12346, both for $29.99. I've compared this against my account billing history and confirmed these are duplicates. I also can't log in to my account now - getting 'invalid credentials' error despite using correct password. My account number is ACC789123. Please investigate the double charge and help me regain access to my account.",1,billing,"The ticket covers issues related to financial transactions, specifically a double charge, which falls under billing and payments. Additionally, there is an account management issue with login failures.",85,3,high,The customer is facing issues that block their ability to use the product or service due to both financial discrepancies and inability to log in. This requires prompt resolution.,80,"<result>
   <category>1</category>
   <reason_for_category>The ticket covers issues related to financial transactions, specifically a double charge, which falls under billing and payments. Additionally, there is an account management issue with login failures.</reason_for_category>
   <confidence_for_category>85</confidence_for_category>
   <urgency>[3]</urgency>
   <reason_for_urgency_level>The customer is facing issues that block their ability to use the product or service due to both financial discrepancies and inability to log in. This requires prompt resolution.</reason_for_urgency_level>
   <confidence_for_urgency_level>80</confidence_for_urgency_level>
</result>",1368,"<result>
  <retrieved_sources>
    <source retriever=""billing"">
      <summary>If a customer believes they have been double charged, they should review their bank/credit card statements and billing history, noting transaction IDs. They must then contact the billing support team with their account number and details. The team will investigate and, if confirmed, process a refund within 3-5 business days. Refunds for recurring subscriptions are generally not issued for partial months already billed, but future billing can be cancelled.</summary>
    </source>
    <source retriever=""general"">
      <summary>If users cannot find answers, they should contact customer support. Providing detailed information speeds up investigation and resolution. Customer support can be reached via various methods.</summary>
    </source>
    <source retriever=""account"">
      <summary>For 'invalid credentials' or login issues, users should verify their username (email) and password, noting case sensitivity. If forgotten, use the ""Forgot Password"" link to receive a reset email. Accounts can be temporarily locked after multiple failed attempts. If password reset emails are not received, or if issues persist, contact support with the registered email and any error messages. Support can assist with password resets, account unlocking, and investigating issues. Lapsed subscriptions can also restrict account access.</summary>
    </source>
  </retrieved_sources>
  <consolidated_context>
    Regarding the double charge, if a customer believes they have been charged twice for a service, they should first review their bank or credit card statements and compare these charges against their account's billing history to confirm duplicate transactions. It is important to note the exact dates, amounts, and any associated transaction IDs. Once this information is gathered, the customer should contact the billing support team, providing their account number and all collected details. The billing team will investigate the charges, and if a double charge is confirmed, a refund for the erroneous transaction will be processed promptly, typically within 3-5 business days for investigation and resolution [billing]. Refund policies for recurring subscriptions generally do not issue refunds for partial months already billed, but future billing can be cancelled [billing].

For the inability to log in due to 'invalid credentials', several steps can be taken. The customer should first ensure they are using the correct, case-sensitive email address and password. If the password has been forgotten, the ""Forgot Password"" link on the login page should be used to initiate a password reset, with instructions sent to the registered email address. It is advisable to check spam folders if the email is not received [account]. Accounts may also be temporarily locked after multiple failed login attempts for security reasons. If an account is locked, the customer typically receives an email with unlocking or password reset instructions [account]. If these steps do not resolve the issue, or if no email is received for a locked account, the customer should contact support immediately. Providing the account number, registered email address, and any specific error messages will help expedite the resolution process. Support can assist with password resets, account unlocking, and investigating suspicious activity [general, account]. Lapsed subscriptions can also sometimes restrict access to the account portal [account].</consolidated_context>
</result>","Relevant Knowledge:
- If a customer believes they have been double charged, they should review their bank/credit card statements and billing history, noting transaction IDs. They must then contact the billing support team with their account number and details. The team will investigate and, if confirmed, process a refund within 3-5 business days. Refunds for recurring subscriptions are generally not issued for partial months already billed, but future billing can be cancelled. [billing]
- If users cannot find answers, they should contact customer support. Providing detailed information speeds up investigation and resolution. Customer support can be reached via various methods. [general]
- For 'invalid credentials' or login issues, users should verify their username (email) and password, noting case sensitivity. If forgotten, use the ""Forgot Password"" link to receive a reset email. Accounts can be temporarily locked after multiple failed attempts. If password reset emails are not received, or if issues persist, contact support with the registered email and any error messages. Support can assist with password resets, account unlocking, and investigating issues. Lapsed subscriptions can also restrict account access. [account]

Consolidated Summary:
Regarding the double charge, if a customer believes they have been charged twice for a service, they should first review their bank or credit card statements and compare these charges against their account's billing history to confirm duplicate transactions. It is important to note the exact dates, amounts, and any associated transaction IDs. Once this information is gathered, the customer should contact the billing support team, providing their account number and all collected details. The billing team will investigate the charges, and if a double charge is confirmed, a refund for the erroneous transaction will be processed promptly, typically within 3-5 business days for investigation and resolution [billing]. Refund policies for recurring subscriptions generally do not issue refunds for partial months already billed, but future billing can be cancelled [billing].

For the inability to log in due to 'invalid credentials', several steps can be taken. The customer should first ensure they are using the correct, case-sensitive email address and password. If the password has been forgotten, the ""Forgot Password"" link on the login page should be used to initiate a password reset, with instructions sent to the registered email address. It is advisable to check spam folders if the email is not received [account]. Accounts may also be temporarily locked after multiple failed login attempts for security reasons. If an account is locked, the customer typically receives an email with unlocking or password reset instructions [account]. If these steps do not resolve the issue, or if no email is received for a locked account, the customer should contact support immediately. Providing the account number, registered email address, and any specific error messages will help expedite the resolution process. Support can assist with password resets, account unlocking, and investigating suspicious activity [general, account]. Lapsed subscriptions can also sometimes restrict access to the account portal [account].","Dear [Customer's Name],

Thank you for reaching out to us regarding recent issues with double charging and account access. We sincerely apologize for any inconvenience this has caused.

**Regarding Double Charging:**
We have noted your concern about being charged twice on December 15th, 2024 (Transaction IDs TXN12345 and TXN12346). To address this issue, we kindly request you to gather any additional details such as the exact times of these transactions if possible. Please contact our billing support team by phone or email using your account number ACC789123, along with the transaction IDs for a thorough investigation.

**Regarding Login Issues:**
We understand that you are encountering an 'invalid credentials' error when trying to log in to your account. To resolve this, please ensure that both your username (email) and password are entered correctly, paying attention to case sensitivity as these must match exactly what is on file.

If you need assistance with resetting your password, simply click the ""Forgot Password"" link during login; an email will be sent to your registered address within a few minutes. If you do not receive this email or if your account was locked after multiple failed attempts, please contact our support team immediately by phone or email, providing us with your account number ACC789123 and the exact error message you received.

Our team is here to help, and we will prioritize resolving these issues promptly. Should you need any further assistance or have additional concerns, do not hesitate to reach out.

Thank you for your understanding and patience as we work through this together.

Best regards,

[Your Company's Support Team]",1443,"<result>
  <suggested_actions>
    <action name=""initiate_refund"">
      <arguments>
        <arg key=""order_id"">TXN12345</arg>
        <arg key=""amount"">$29.99</arg>
        <arg key=""reason"">Double charge on December 15th, 2024</arg>
      </arguments>
    </action>
    <action name=""create_support_ticket"">
      <arguments>
        <arg key=""issue_summary"">Account access issue with double charge confirmation</arg>
        <arg key=""urgency"">high</arg>
        <arg key=""related_category"">billing</arg>
      </arguments>
    </action>
  </suggested_actions>
</result>"
